i,x
1,0.5148204194735589
2,1.854571998822404
3,1.2678090726600038
4,0.9570504648981302
5,0.1803604566079428
6,0.18032881071112458
7,0.061457318170705266
8,1.616437261284457
9,0.9624542690862469
10,1.2094393532227823
11,0.02100821570121637
12,1.910634973482896
13,1.5254033910232017
14,0.25742700860191736
15,0.21488528590696382
16,0.21704172408801212
17,0.3968055853605881
18,0.8001257441716374
19,0.6185215177718535
20,0.37604355229853265
21,0.9862168595025347
22,0.1589523978116531
23,0.3774931442029843
24,0.5005828435152432
25,0.6640698147207633
26,1.401677251742457
27,0.23954340143978384
28,0.7786714960641741
29,0.9433695902620421
30,0.04860805356185585
31,0.9766555989733791
32,0.19960260044661024
33,0.06928330273520199
34,1.84926930006188
35,1.8980772563742663
36,1.461903620558188
37,0.3974033175433782
38,0.10721195586085992
39,1.1524078610821429
40,0.633886711484791
41,0.1369315656088082
42,0.7403770824186151
43,0.03557109149971022
44,1.7361839957154999
45,0.32574706047692203
46,1.1014580616196006
47,0.4088748710462295
48,0.7905387678296147
49,0.8456024088828865
50,0.2190256252531661
51,1.9096789781618961
52,1.3759637172128873
53,1.8221572027644206
54,1.695543337501015
55,0.9553843634733812
56,1.7717263402225738
57,0.09632342497132848
58,0.23439214478114678
59,0.047272796572735344
60,0.4311701548777993
61,0.5397473252098435
62,0.34497932881852666
63,1.5155433682272736
64,0.4840262628005321
65,0.3598587084206698
66,0.8372151218335531
67,0.16078386215950016
68,1.4457169766849367
69,0.08010844215283898
70,1.9608327622332706
71,1.368606753002705
72,0.23820360362176304
73,0.005552610901129182
74,1.4804387697524328
75,1.2065046483989255
76,1.2604586190961276
77,1.3661282943630046
78,0.07952726218451309
79,0.48696340708504876
80,0.12929469848036776
81,1.6080509496337796
82,1.0117986817343003
83,0.4403915277040336
84,0.06759801417710451
85,0.4076923261353258
86,0.4309275149510981
87,1.261931353807139
88,1.0440370006360666
89,1.6743591931661337
90,0.6952018607076547
91,0.1338970295998527
92,1.2219629137237704
93,1.3395789388159125
94,0.8763092900809635
95,1.3653575725216496
96,0.7376296873532551
97,0.795982440295699
98,0.6103323407376153
99,0.026065258748527564
100,0.119531987011956
101,0.03241697939966547
102,1.0414286228287146
103,0.41317566391478655
104,0.7672148390764463
105,1.7312433785207348
106,0.3114388446628901
107,0.5787970665548974
108,1.3264086614967459
109,0.28114676602395433
110,0.08290581634604209
111,0.3737073573794075
112,0.18721359071784263
113,1.794035377113865
114,1.4611789274317544
115,1.0346040752719392
116,1.630904150438043
117,1.4495608840864507
118,0.22137844575877472
119,1.68922056427541
120,0.830232295830251
121,1.4593997593354278
122,1.699070917722069
123,0.41912968506604475
124,0.12216335061992221
125,0.27988960086496306
126,0.6095288517314672
127,1.4871629231897243
128,1.6015877202091486
129,0.007000462650113417
130,0.7716101096678252
131,0.5916429486984489
132,0.2714396899428321
133,0.1342330736197215
134,0.45159917536552907
135,1.8319884136449138
136,0.42766306728756814
137,0.7879343309522344
138,1.1972546154612376
139,0.49585609010581744
140,1.9161424990184486
141,1.8887520904834985
142,0.3151766203164553
143,0.7445045825045952
144,0.3914060671349657
145,0.36597460161466777
146,0.03824759423966887
147,0.9811330112402521
148,0.7553652236231838
149,0.05412881308024763
150,0.35629031626817664
151,1.733212805577444
152,0.29695179012690687
153,0.165889396049555
154,0.7290167648208886
155,1.957157271799034
156,0.3006460259780066
157,1.1239017414924786
158,1.3416840537821813
159,0.29410914630713936
160,1.258515398997449
161,0.503047565432041
162,1.032116493996216
163,1.0348896051776775
164,0.8228291961701657
165,0.09844201263088623
166,1.5330327547268467
167,0.4236799150550069
168,0.22130766512163477
169,0.04243775372357495
170,0.9400474134979047
171,1.1366578262810219
172,0.016862984996395974
173,0.7743323586575918
174,0.2777961113804528
175,1.0614207198941656
176,0.20477008056894416
177,1.1683326960366178
178,0.536299574378734
179,1.8141930605354573
180,0.15643295422479864
181,0.4573926068689967
182,0.12634976126332748
183,1.7797519059636633
184,1.6470636943719388
185,0.32447551102349953
186,1.0955629870538244
187,1.4850743247029319
188,0.863448752800164
189,0.8101803135088587
190,0.3003448215142484
191,0.1017708931790184
192,1.7022118742730894
193,1.7111707348291172
194,1.0339189124748034
195,0.4539709902672263
196,0.47115690161381646
197,1.2529673265541894
198,1.7019170784647577
199,1.674008748380589
200,1.3880814128843506
201,1.0542362808178725
202,0.09121949870441688
203,0.18775255531449217
204,1.7059538182466372
205,0.9741852640592044
206,0.009281637375068598
207,0.1117680168776451
208,1.1037363667175755
209,0.005087203477250989
210,0.18666728081819153
211,0.8498425609591991
212,1.1706141622829043
213,1.0770147433948178
214,0.2745660326264761
215,1.2193784646667183
216,0.2935362170148644
217,0.4312846617214103
218,1.3037408230331062
219,1.0716558025717033
220,1.570403811425541
221,1.0900676084199663
222,0.8912832719605861
223,0.1024497299557395
224,0.5029307148790776
225,0.33553466350571853
226,0.30352058945533594
227,1.9197600944121076
228,0.5476235458049445
229,1.687793611780468
230,1.029474591222976
231,1.426536311779223
232,0.7552811404704296
233,0.9097219767233427
234,0.7350913725435161
235,0.23336281208235185
236,1.2443891741073287
237,0.35960548195147507
238,0.02490723265494943
239,1.0621067806908382
240,0.20847887216707542
241,1.824920933236002
242,1.8639083070247686
243,1.7518412427138816
244,0.5071761636302443
245,0.015695523523387885
246,1.790093916232666
247,0.6115258131875382
248,1.901076358224019
249,1.892183437334745
250,1.580634586584082
251,0.3811490421105922
252,0.5333979891762873
253,1.5755703051176508
254,0.41736156250855333
255,0.1982205378652884
256,0.8668289083335627
257,1.8125405353448039
258,1.1804872745343773
259,0.8950309077330209
260,0.10661976471234876
261,0.9932411155913736
262,1.9702604762105382
263,0.15970754656131073
264,0.786995280883249
265,1.6471565792722527
266,1.2895067628036792
267,1.1828466841904506
268,1.1959679722423173
269,0.48872503902506004
270,0.3797880152831199
271,1.4644266354760282
272,1.4663971069178068
273,1.6188867242279805
274,1.7472488593901203
275,0.7728134477337962
276,0.7530348885239777
277,1.4355703717283708
278,1.0724170420898487
279,1.194724374024635
280,1.4290786421643367
281,1.6821148502813692
282,0.4522358829066301
283,0.5166455069536824
284,0.10281454485712171
285,0.9126880624667288
286,0.03723412084242206
287,0.6823795326213349
288,0.837107834284496
289,0.36864714129952947
290,0.9399172023636193
291,0.031430515185393915
292,0.03874307595206136
293,1.4992722430572423
294,0.48992793957151987
295,0.14320488652724456
296,0.7949812827274744
297,1.3628836249120342
298,0.2623997434066363
299,1.0108830206850208
300,0.09263165477463045
301,0.05435272147155741
302,0.8136923760570702
303,0.8329214563284812
304,1.0437467808222198
305,1.253299958629815
306,1.9281393604538875
307,0.7828663979571309
308,0.4272573563558957
309,1.4275072791194345
310,0.3441823595857575
311,0.6316673289019606
312,0.08461178511558902
313,0.025993403607173872
314,1.8893403849598474
315,1.534842882403808
316,1.1803543016414513
317,0.5761954551593708
318,0.20332524143966252
319,0.18090959099076123
320,0.3128644062464114
321,0.8508765939303298
322,1.2252432554396158
323,1.0960579529427052
324,0.35829688360528456
325,1.8666329848791945
326,1.2823887763648905
327,0.8616624680472135
328,0.985923017607865
329,0.5956642748171951
330,0.30910163266038004
331,0.4826892265974159
332,1.332176837610342
333,0.01460066114469078
334,0.12954549838116405
335,0.04811888509473428
336,0.04238763765730788
337,1.5872733948074607
338,1.198792242447301
339,0.6990146492786611
340,0.10740568364128744
341,0.7333020437837212
342,0.6976472885066503
343,0.203200757650341
344,0.6220789027844822
345,0.5573107577344946
346,0.9951214413231411
347,1.0384375962400365
348,0.04735646307347002
349,0.5149472256637523
350,1.0175605498120674
351,0.7562823532780566
352,1.5900646892471197
353,1.0925709319542993
354,0.18948205460978343
355,0.07554869551009552
356,1.055121807217439
357,0.027214160128256122
358,0.928908612889727
359,1.8242631483149916
360,0.9066447072777977
361,0.5388458178176986
362,1.05710795042909
363,0.6682486021353465
364,0.8433144700993642
365,1.8278207949411442
366,0.5351778847174902
367,1.8850778638080483
368,1.7250104268463204
369,0.23412530325137687
370,0.07417229093426068
371,0.11093420693905526
372,0.018553860581625205
373,0.10336243359227423
374,1.1495050259489794
375,0.07625647212982305
376,0.4207210830150636
377,1.5586896020551873
378,0.023813518728718275
379,1.4778273917196594
380,0.36129688883596395
381,0.132127754108512
382,1.1821798429638224
383,1.0245119512954686
384,1.6474291480502736
385,1.2754004832428198
386,1.4490625358769504
387,0.36157807269678605
388,0.20892433547647898
389,1.3140372570217258
390,1.4578170357557378
391,1.9716055783304474
392,0.5828710242112088
393,0.5104155419497097
394,1.3792300463501503
395,0.4569505933020082
396,1.797066524768265
397,1.595285204369704
398,0.6130299028984564
399,1.3146784282378408
400,1.3238778229166552
401,0.11375840115962324
402,1.7171546560353013
403,0.7605323323120453
404,1.5094894093929705
405,0.4224813481504655
406,1.6974850812724585
407,0.5406796254636539
408,0.010955106169906774
409,1.7250984996441159
410,0.09961993414478958
411,0.4212748367416377
412,1.8526797082872497
413,1.8542610947463165
414,0.9022688996585805
415,1.031055474852303
416,0.6495489081607275
417,0.3791833283378391
418,0.4366849287531295
419,1.1247995298412818
420,1.3184419619842505
421,1.4181764261917773
422,1.4131149542248744
423,0.09952465628201869
424,0.7388717424047749
425,0.060871770871297935
426,0.8515108748317095
427,0.6364796850164027
428,1.6757228988448807
429,0.47405635858650425
430,0.1307717027628672
431,0.16343830318913516
432,1.341409073936216
433,1.0004116371267697
434,0.11134847174902497
435,0.0911807609498632
436,1.192326854717673
437,0.07805746145934919
438,1.497314016347104
439,1.2050203105754642
440,0.0879664047538237
441,0.09203515181639269
442,1.9600972363661526
443,0.5143494243120399
444,0.5080177482492457
445,1.473442703791486
446,1.8445284447396029
447,1.9581991616827041
448,1.3209568752829979
449,0.5178308612348123
450,0.0904730863878601
451,1.3811042448629633
452,0.8702195558588124
453,0.6041863223765179
454,1.727832656475193
455,0.12356236237737818
456,0.735304597668439
457,0.01148255001692381
458,0.6883034393484728
459,0.05947333453434233
460,0.13293561349435848
461,0.13133866545861783
462,1.0706843184896941
463,1.3026278411435834
464,0.9236878811881446
465,1.8879485615125366
466,0.5153985309161417
467,0.3673434825293942
468,1.6230635736809509
469,0.2735909375226698
470,1.8910201999270313
471,0.012302205944801728
472,1.9105437652034256
473,0.045022689950157596
474,1.6852791627895645
475,0.8061695696172109
476,1.978943882451544
477,0.07924249770214478
478,0.8606088527510198
479,1.9088499411767135
480,0.7967291987456061
481,1.0255412838217857
482,1.1798149272084308
483,0.6611486443279943
484,1.0213872239628592
485,0.9257375270412663
486,1.7132437703630665
487,0.04751175382759832
488,0.3599035034980699
489,1.8536934731411656
490,1.6828333887986884
491,0.6632798291449332
492,1.0046970366576193
493,0.3543215036531453
494,0.22351073045957423
495,0.6787146156838658
496,0.4782100250770284
497,0.9243105687517498
498,0.08377731074906282
499,1.9238400488729521
500,1.9588223770066153
501,1.1855914929427336
502,0.8234956803514897
503,0.40533496153022386
504,1.4760573538067816
505,1.1535879512208898
506,0.18906120830679135
507,1.7407155199437214
508,1.4991047589188173
509,1.8519197885812706
510,1.2523883132438027
511,0.9896933985407333
512,0.5931702736962148
513,1.802710907013891
514,1.616130550196984
515,0.047263398232361795
516,0.02706219184139074
517,0.5181880334792066
518,1.4675500328233562
519,1.9619902848300435
520,0.17304213223277884
521,0.947122022276975
522,0.5259687012961349
523,1.9106483369026677
524,1.5512832038389543
525,1.541123721853792
526,0.6883664378335639
527,0.5868947218573334
528,0.3481584989124286
529,0.05955369327356581
530,1.612467164251239
531,1.4737090597747762
532,1.9991530995667652
533,1.9899218220865835
534,0.8639360851912712
535,1.3603290598865132
536,1.837348014242705
537,1.5715480791623453
538,0.30852918517916095
539,0.6535341531724134
540,0.1458415696737712
541,1.8642643898721458
542,0.9736223219025382
543,0.280920338011957
544,1.122882493837153
545,1.0002107621094702
546,0.4864432506215125
547,0.12645291894580626
548,1.1225837526315243
549,0.7910278045235846
550,1.3687940899487638
551,0.7907335690010802
552,1.5783948098036982
553,0.8565079974605315
554,0.8755893794456201
555,1.6451751417122005
556,0.5662812895393681
557,0.15197530990731817
558,0.029611118769097416
559,1.3253695305799036
560,1.0050934908538012
561,1.19980808794588
562,0.25831789559610413
563,0.1549686549404827
564,0.014756212967272392
565,0.4734991951965661
566,0.937920564118554
567,0.5460994360159331
568,0.6288592294233969
569,1.721661639322388
570,0.46953733733491737
571,0.778174684126574
572,1.3977650571194133
573,0.5537889605323644
574,1.0090785628282777
575,1.6060348749101863
576,1.8511100384088397
577,0.168704089721622
578,1.7851522522639125
579,0.7342947389938841
580,0.32493455238686153
581,0.6699413988947414
582,1.9404964239061613
583,0.7352906805220373
584,0.4368292315541379
585,1.0345974965658837
586,0.29781553699655433
587,0.08161857266038672
588,0.1454897046304155
589,0.14444157583217224
590,0.17497712180858438
591,0.15810015651523926
592,1.0515951833298
593,0.21496044950018486
594,0.46515315408436314
595,1.701017862047765
596,0.6986012767035448
597,1.1131910727803351
598,0.20201400921257615
599,0.22926408556307212
600,0.042538860062015564
601,0.19747411860736075
602,0.35620291603390025
603,0.20834319582063526
604,0.0965706732519772
605,0.13518888449680158
606,0.6730958411024823
607,0.2489073217569534
608,0.4969623927160597
609,0.7568462194498092
610,1.167039848027536
611,0.04085758417998506
612,1.4384673847929572
613,1.0221592886137414
614,0.08844357125408857
615,1.6367182366030673
616,1.7688783785930373
617,0.0648084770348961
618,0.3535388801907305
619,1.4561617833330311
620,1.3081522546367066
621,0.21856902594069388
622,0.25317646251824877
623,0.5077216817380503
624,0.71928550836944
625,1.0004937340502744
626,0.5050109130303884
627,0.6764730797615196
628,1.3061837414883146
629,0.03802886026491067
630,0.316161355213767
631,1.222217217566215
632,1.696602119929115
633,0.7734912468856969
634,0.815258246466517
635,0.11865785135438914
636,0.6475901928100202
637,0.8162984189810443
638,0.3012624487676091
639,0.34173514836144264
640,0.5196275028341781
641,0.020474050757958977
642,0.4258141544859346
643,0.2561582666593554
644,0.4347518678614597
645,0.13410510003714293
646,1.6835661184818866
647,0.9459444544703641
648,1.1402822790119138
649,1.4119624824523789
650,0.7468868246022912
651,0.09447542456862443
652,0.8255899790828272
653,0.9312236158208744
654,1.3011194838565403
655,0.6179895100808921
656,0.1438570364569715
657,0.364304670510611
658,0.49491105035674143
659,1.0631263239810271
660,0.8965661777496291
661,0.4829016040930121
662,1.9597275848940543
663,0.9727379511237564
664,0.29350334245334736
665,0.11214214435312697
666,0.17622505561650703
667,0.30645293253657563
668,0.18649987697213233
669,0.22137427851466626
670,0.3663744239064202
671,0.20343199884018426
672,1.700953651431838
673,0.0866711996045393
674,0.7996235873591742
675,0.5788223825928437
676,1.947446363867873
677,0.12459161776707475
678,0.5561446767377876
679,1.9093433542705003
680,1.6146097108672386
681,1.4846788400746251
682,0.324416695242712
683,0.2000901549140632
684,1.115726975475342
685,1.7931157182944641
686,0.8667478120511705
687,0.898353756232912
688,0.35836738654711836
689,1.3616123074242674
690,0.2220291124319734
691,0.4284474844834779
692,0.6064326019190369
693,0.7652786752326308
694,0.301172210784631
695,0.12802432105538608
696,0.9834768786730538
697,0.3719381495040319
698,0.9190760914651339
699,0.17819056314102677
700,0.7126358994676816
701,0.8162409362172061
702,0.054509215791212345
703,0.44990671829237083
704,0.15248198231558305
705,0.06739135735519193
706,1.9699814941034997
707,0.4262658463447107
708,1.4657710639029866
709,0.3194825178222822
710,1.1459486826225553
711,1.3381742588421395
712,0.9504242499207431
713,0.6939602901576529
714,0.5814538527129264
715,0.4705773339437097
716,1.7935535742539213
717,1.520548008381367
718,1.8963038489770658
719,0.1397470232517602
720,1.2650347415141938
721,1.818823269728152
722,0.21407849043746668
723,0.07091802094049145
724,1.2903804660941778
725,0.9044924709465318
726,1.5505044661366008
727,0.1593086938940508
728,1.427717409172746
729,0.24228089623738014
730,0.19043921050096724
731,0.19124905030089875
732,1.4781066950714166
733,1.1076845631181493
734,0.7966628633580186
735,0.48758980045980965
736,1.646681329615918
737,0.5464582697625993
738,1.4834340840168712
739,0.6319743764951925
740,0.5190315322993767
741,0.6767523697368794
742,0.3922064971998395
743,1.3065291655037696
744,0.7554481807072135
745,0.286135430934166
746,1.7088089861566904
747,0.5312636912206274
748,0.8390025739391915
749,1.7281637989210688
750,1.0139110714567092
751,0.13056319262981841
752,1.8231165441892894
753,1.0217254529621278
754,0.4470673853859268
755,0.15866878288734307
756,1.4245011904660254
757,1.0045629785732955
758,0.8180418286288909
759,1.6929365330844708
760,1.410482772775638
761,0.1746801488746957
762,0.4088927153462806
763,0.31023599242019884
764,1.297402378805308
765,0.034656858915088684
766,0.894663937794045
767,1.3438019332021116
768,1.6454836185679853
769,0.45910167152044074
770,1.4957208651491523
771,0.12287111817693339
772,1.562933773917136
773,0.14374202135518066
774,0.5551244818011649
775,1.4329752660731059
776,0.17239266237164863
777,0.2818075974487543
778,1.2439013409434472
779,1.2384891505073408
780,1.0522179200397173
781,1.1755128880454078
782,0.8372742647545544
783,0.3152018249733798
784,0.46520171342858135
785,0.21457544754891647
786,1.733732983721013
787,0.9237377809665557
788,0.5615332750850572
789,0.6754551662449936
790,1.8446290651179291
791,0.17686805595375074
792,0.9298952479632395
793,0.7618120343079363
794,0.9853305174656175
795,0.01843816257886514
796,1.6327240214961782
797,1.800962775023812
798,0.8845086987828834
799,1.181973194285245
800,1.7735044894497891
801,1.20742512017888
802,0.1758072025274602
803,0.9083966342305678
804,0.9748181938902069
805,0.6040174976417987
806,1.278794347809605
807,1.8074087330573754
808,1.7822455849912378
809,0.654095510212205
810,0.12606090086658825
811,1.9547533861359032
812,1.542648085888584
813,0.1402034652880542
814,1.7687916553996788
815,1.6266160427910537
816,0.7880309866484294
817,0.9408820766602852
818,0.5582058615658051
819,0.05776047590850594
820,0.4475544324529214
821,1.4474271085237311
822,0.0046534786417180285
823,0.44472086920982346
824,0.5567070021468619
825,0.8261896369949365
826,1.76598997145886
827,0.46630154217930775
828,0.4673297262022722
829,1.281409339073185
830,0.6567190069524242
831,0.2750521494278826
832,0.6571410318910791
833,0.1606977205700752
834,0.20749935551496992
835,0.7467382096447894
836,0.5944239817471354
837,1.751788923769204
838,0.4937232372335896
839,0.9176711827566235
840,1.0320224176979211
841,0.013265921381677391
842,1.1038192160795532
843,0.20973277236899865
844,1.8847264725902946
845,0.17076333437610913
846,0.5865372877034261
847,0.09263423391977854
848,1.9906325258393647
849,0.7543948387328394
850,0.9498683361692326
851,0.0715757312072677
852,1.3124011775605338
853,0.25396595110839537
854,1.7045557962235791
855,0.24722191257909432
856,0.2270495274755711
857,0.03788554606790094
858,0.6949141457754863
859,0.8838866390880132
860,0.07002626472387759
861,1.3769707009516539
862,0.6587596024552523
863,0.799375423893032
864,0.6350345460267607
865,0.5613740918374862
866,0.8728376317349897
867,0.17933977988734062
868,0.2150259751607755
869,1.604460077599171
870,1.8412499298219702
871,0.5126691619010095
872,0.3440473511791635
873,1.0587349549310767
874,0.5757977937213443
875,0.026030822714058384
876,0.18053623103039793
877,1.2285884613281077
878,1.0931047031325638
879,0.027830185313232322
880,0.27124380260613695
881,0.28447035820628996
882,1.123332602499355
883,0.02009904305293037
884,0.11494717882741258
885,1.4397818290119568
886,0.2104228584024298
887,1.0788235891676459
888,0.2949138182338794
889,0.10932998335326351
890,0.30230490547492905
891,1.2439364527078465
892,1.5879129136358574
893,1.5194848880886256
894,0.5549382858186288
895,1.1144228862772652
896,0.24700285678294154
897,0.37908332201819706
898,1.6997537180850455
899,0.013170973525715066
900,0.0928202397033576
901,0.2511029502246665
902,0.02723616171622165
903,0.21435425219602136
904,0.9229790227876675
905,0.5990232024345868
906,1.689534494834069
907,1.4856575383660693
908,0.45865645361962537
909,0.3267239512445727
910,0.5238587329871254
911,0.9387430616733679
912,0.3399217563540923
913,1.013710767018401
914,0.5770295531412016
915,0.8568032707385992
916,0.6263328785509349
917,0.38117584308451613
918,1.8480169824496078
919,1.3466996030341198
920,0.15974487778981336
921,1.6227046010581305
922,0.7250203712764703
923,1.6947759135352696
924,1.4396236864138603
925,0.6060200288522403
926,0.022974178136501894
927,0.34086488283101357
928,0.835001837152161
929,1.0347728748202518
930,0.3243937437312966
931,0.15877618945381458
932,1.5320387371210327
933,1.9534498340774609
934,0.8020403500721169
935,0.20115306303768699
936,0.34645860659549516
937,0.018728893531340277
938,1.7502411142384517
939,0.13161640041194203
940,0.9088877220536304
941,0.3491614846731192
942,0.8612912609881882
943,1.0757689107123578
944,1.5182132645264819
945,0.249031013195868
946,0.011116736906367138
947,0.15562330578814162
948,1.7100521975222127
949,1.6375739452247342
950,0.9543155168150594
951,0.9611373600987453
952,1.1073104530377975
953,0.20612636398947318
954,1.7505611527752314
955,0.5941392774104556
956,0.5299336600786884
957,0.7881932901388433
958,0.04917176881017062
959,0.1939335274809497
960,1.2827272354017574
961,0.08965428733530184
962,0.9669445766201421
963,0.30554529530273783
964,0.5408466891542961
965,0.37203781042133
966,0.48217579770250524
967,1.2360729189464763
968,0.3854030295180339
969,0.8872188568467547
970,0.7026743876330243
971,1.1041305810964637
972,1.814479699808052
973,1.2692339748212746
974,0.2611397449394946
975,0.032155522973534995
976,0.3310464732323257
977,0.9491956743067521
978,0.05407042777676725
979,0.7427456985618752
980,0.9530642352201179
981,0.44596286936542123
982,1.3652178296300614
983,0.1179614407049435
984,0.0807834679799868
985,1.2584476208649542
986,0.7410029606419495
987,1.1623002558351858
988,0.6239021530009632
989,0.3071159952234727
990,1.4900309244934453
991,1.438481626516725
992,1.1772996574720223
993,0.3462081129478779
994,0.9386029069818144
995,0.4912760512120959
996,0.09996934948143915
997,1.7587777711895667
998,0.15553796868550038
999,1.8531883824171633
1000,0.6449269224697793
1001,0.21940713017898505
1002,0.8355575841479203
1003,1.6349802682503696
1004,1.2683781706870558
1005,1.457102033101029
1006,1.0927788909654248
1007,1.1715234062984927
1008,1.5703289062027666
1009,0.3120021235068965
1010,0.7289617586802298
1011,0.2701430589697422
1012,1.9631561020167116
1013,1.8353073765361376
1014,0.040981284823193645
1015,1.203411496586232
1016,1.7813327662961864
1017,0.21318280039518916
1018,0.8905070154601089
1019,1.753607120608693
1020,0.03509830804794636
1021,1.1838152964134936
1022,0.38576543955799203
1023,1.778904521403135
1024,1.9140123606690111
1025,1.8359056915760448
1026,0.6990933399375158
1027,1.6051601831139966
1028,1.5578130851010195
1029,0.4209255852673253
1030,1.5160163374371196
1031,0.038377199742727956
1032,0.9518076464670553
1033,0.2829129025181441
1034,0.1351032597233102
1035,0.08287499687019488
1036,1.181106835292018
1037,0.4553899547644104
1038,1.2500536446409853
1039,0.06962779208156987
1040,0.41469833495995073
1041,0.8305421469241487
1042,1.4159662882519104
1043,0.42035566105752914
1044,1.0176313915352229
1045,1.6709343186058518
1046,0.9951506547403772
1047,0.2872295916311227
1048,0.024996179697107906
1049,1.6271709242645962
1050,0.021721798688309705
1051,1.6398046888807358
1052,0.8087116257801328
1053,1.8209158409032038
1054,1.4368378935267125
1055,1.9938065994993008
1056,0.4737105929491445
1057,1.355766159604197
1058,0.5634793729240022
1059,0.7101562312659702
1060,1.0212685695872712
1061,1.6369888140393076
1062,1.9525037435506152
1063,1.3585174523155594
1064,0.5922958664497823
1065,0.5988987256449891
1066,1.281609953206058
1067,0.29579167110955945
1068,0.12267864280356285
1069,0.4803790323305763
1070,0.3697452299805354
1071,0.38410662270415163
1072,0.28818033240050667
1073,0.0438650262501246
1074,0.018193412276268146
1075,1.9633179089218884
1076,0.6107629876820623
1077,0.5320336188766841
1078,1.1415677115651435
1079,0.26588864743328017
1080,1.8523874349623393
1081,1.4046834961117467
1082,0.0974053296467424
1083,0.591954480090071
1084,1.6519673062531295
1085,1.8372506162342281
1086,0.6858656839685318
1087,0.989684921624118
1088,0.1949342852391655
1089,1.973583871575238
1090,0.28534347860534276
1091,1.8314749720990873
1092,1.071687417539382
1093,0.9770808067284876
1094,0.7755380203448332
1095,0.28387837375566494
1096,0.207690178089246
1097,0.26910037746031246
1098,0.22119748773562428
1099,1.387336424993105
1100,0.4727129562733
1101,0.06118845179541405
1102,1.9082625378866496
1103,1.6648633754240112
1104,1.7884765821691437
1105,1.9847493982095061
1106,0.20413480692059488
1107,0.5532497564467137
1108,1.3331640617421552
1109,1.1804653188097751
1110,0.1775798563280205
1111,1.4814168128225749
1112,0.2748141421230279
1113,0.27391193952751114
1114,0.8253159537351281
1115,0.9445177011717864
1116,0.9165862163614634
1117,0.09985667881479811
1118,1.6473984280784317
1119,0.33614342521182855
1120,0.14628903611769514
1121,1.678621229339771
1122,1.8689212842985257
1123,1.605391645717254
1124,1.4648323499628524
1125,1.0845840338307697
1126,0.8543012133635539
1127,0.09455345631129544
1128,0.5752872403384763
1129,0.5115852477251518
1130,0.3272258119381325
1131,1.24675677457779
1132,0.7417684797186821
1133,0.08761470502059703
1134,0.26866384437068275
1135,1.1501013017772355
1136,0.08192676725703202
1137,1.5757601245731965
1138,0.7403166102279748
1139,0.7115500356331902
1140,0.943354767984715
1141,1.5047796614843862
1142,0.468780453003744
1143,1.137722055690059
1144,0.8857846190823261
1145,0.33833236723909477
1146,1.6506206392776233
1147,1.433314281542781
1148,1.092010653223472
1149,1.5740710069631922
1150,1.6194934319783045
1151,1.2101410834956197
1152,1.5376046402221042
1153,1.1839379015123708
1154,1.1427322411709975
1155,1.0012914154724741
1156,1.3192989790245893
1157,0.1837606847181007
1158,1.656804053610625
1159,1.631954664616483
1160,0.030102686599462757
1161,1.5077900560781061
1162,0.14547731021606852
1163,0.44742350073910186
1164,1.296312783465395
1165,0.18660364022577106
1166,1.4870370766652568
1167,1.5245814680831486
1168,0.7649912345691952
1169,0.006426651074417435
1170,0.36942902307145176
1171,0.9975257409923319
1172,1.9439124939794863
1173,1.0310018599379107
1174,0.32730148179792123
1175,1.0359689346624439
1176,0.8315695900227321
1177,1.388004235489587
1178,0.11842549591078252
1179,1.3401913708886641
1180,0.8342360878678521
1181,1.8903456033553567
1182,0.458748743950669
1183,1.0328323528063286
1184,1.8007044949706097
1185,0.1130179723234023
1186,1.8156257245239777
1187,1.161072489246125
1188,0.07243892569321049
1189,0.391542635576167
1190,1.209679795781502
1191,0.07188670498697701
1192,0.9210929048781271
1193,0.465518146040079
1194,1.0064515979719313
1195,0.047834367469817916
1196,1.631113210630661
1197,1.9211697422874678
1198,1.9076021537486927
1199,1.311629700578447
1200,0.14700867000195642
1201,1.333226270229518
1202,0.025191432919753596
1203,0.02261300306125345
1204,0.42833379308755537
1205,0.7274153579335162
1206,1.3639350072210648
1207,1.1501879482983308
1208,0.6447319299308569
1209,0.34849821878208403
1210,1.9913817689724764
1211,0.6078118046115226
1212,0.6551372700628746
1213,0.1903965760530325
1214,1.4265317675339957
1215,1.1748772561466487
1216,0.2695088347196596
1217,0.08916768229260225
1218,1.1435786021988847
1219,1.0828961439009013
1220,0.3479302960934944
1221,1.8550050762659502
1222,0.1738763784501904
1223,0.6192481812351481
1224,1.8340269249613432
1225,0.5958983375001239
1226,1.046241333504404
1227,0.5556757032541911
1228,0.34940917954779205
1229,1.9521896596443837
1230,0.5768883350409667
1231,1.6935125896987966
1232,0.28283372666161094
1233,0.25851831890270166
1234,0.03210341400157098
1235,1.0763364766713694
1236,0.5043380097421649
1237,1.6114734339054775
1238,0.6971375224825894
1239,1.905591941771981
1240,0.2199452326800302
1241,1.6231293758648522
1242,1.3796995245577799
1243,1.36524233519344
1244,1.5584419306244772
1245,1.3401815057338085
1246,1.0183722128555688
1247,0.14847009560025246
1248,0.03358413184354905
1249,1.768808606642469
1250,0.9969079249192632
1251,1.431008946891842
1252,0.7133861265187259
1253,0.13106940016003132
1254,0.14085727477193058
1255,1.1555650502823134
1256,0.6154690580846901
1257,0.24073489271858145
1258,0.7332597451273557
1259,0.06833172467545262
1260,0.9206621145606095
1261,0.3413508560646817
1262,1.4336596196463884
1263,0.40668650447045185
1264,0.6624455332118585
1265,0.011755576855856395
1266,0.07769543934567628
1267,0.5465447482274524
1268,0.7102801197867539
1269,0.9600452062846934
1270,0.37672963852866376
1271,1.177981708170549
1272,1.5999329353357084
1273,1.3880185537712855
1274,0.04118847667034077
1275,0.7113938736208669
1276,0.11594052076104489
1277,0.30063080556641864
1278,1.960165666219797
1279,0.16280052264831021
1280,0.7477775431054599
1281,1.000272246188492
1282,1.1959220053856328
1283,0.8728553324155502
1284,0.009866316878472628
1285,0.43303829402437055
1286,0.78573698908081
1287,0.09558702081680236
1288,0.47356617609834833
1289,0.034305555224777885
1290,0.08475307737016234
1291,0.5544713633922046
1292,0.15032922541427846
1293,0.8896434627070071
1294,1.1648269128047164
1295,1.44152576189946
1296,0.24021036451606723
1297,0.19553299761923582
1298,0.11550227356660088
1299,1.0414737120778124
1300,1.205583678602096
1301,0.03258382937058847
1302,1.8127056162603452
1303,0.05467229797585421
1304,0.8342980579114394
1305,1.2118273396949197
1306,1.6295563382651097
1307,1.2240070787747304
1308,1.4444960022525548
1309,0.45467662576015416
1310,1.4787650797385288
1311,0.08653323499591524
1312,1.6955135040238722
1313,0.8474497865754311
1314,1.485273414748159
1315,0.656910115027878
1316,1.057769944950996
1317,0.8035024223767337
1318,1.266812750097527
1319,0.08829343599690395
1320,0.06399445803256787
1321,0.3081632422684196
1322,0.18499918506560795
1323,1.6317901535724215
1324,0.26726875961145713
1325,1.92817825333407
1326,0.45039456628418784
1327,0.21528485090349547
1328,1.4133222393255394
1329,1.0926037090061886
1330,0.7463946883453955
1331,0.8637922246476861
1332,1.2364529761422505
1333,0.28064631016804936
1334,1.9890151883417047
1335,1.9250148711149078
1336,1.0732491846695513
1337,0.23935964065195542
1338,1.142938704232455
1339,0.07741101923830018
1340,0.03159207809728301
1341,0.3240833595426963
1342,0.6766429568415436
1343,1.6221696490565267
1344,1.2559439257911058
1345,1.294319497832959
1346,0.606537912107817
1347,0.4656060116154302
1348,0.5087085266217468
1349,1.9631012244840833
1350,0.04171793864824564
1351,1.61877511139078
1352,0.9135406370588199
1353,0.6309989051404506
1354,1.251256334405974
1355,0.7235155999721437
1356,1.6362913909027137
1357,1.711965711844614
1358,0.5995694670364617
1359,0.3534614265570624
1360,0.9432292403780265
1361,1.7447702200415725
1362,0.25504074688232575
1363,1.0110539478002405
1364,1.0304285316958335
1365,1.2705677260501491
1366,0.1488777408970056
1367,1.228230344744202
1368,1.7353726442933701
1369,0.2119691284835172
1370,0.29397015613976857
1371,1.9150035227698055
1372,0.21372961012150266
1373,1.5843589811417236
1374,0.7346153443971067
1375,0.3083542785537263
1376,1.6289552918385999
1377,0.6436020251356545
1378,0.779854261836858
1379,0.4882819830900742
1380,0.9445415636523329
1381,0.19026392949022553
1382,0.5440263049616632
1383,1.909172573030783
1384,0.3247663017791951
1385,1.088039711094114
1386,0.43093864209515603
1387,1.3717338018460006
1388,0.14800157578817158
1389,1.9103739045557853
1390,0.6597144892528128
1391,0.2917702845925443
1392,0.07889851919810438
1393,0.19857565142725123
1394,0.7899389061535314
1395,0.450574317356063
1396,1.5159310001194934
1397,0.6165515817092093
1398,0.31057306197642376
1399,0.9980129210945186
1400,1.2063112511937824
1401,0.19494490689613928
1402,0.19571541795742747
1403,0.038016220486885154
1404,1.2786899428583762
1405,1.104440978513013
1406,0.6999053439648492
1407,1.556794195882053
1408,1.4547745483046153
1409,0.9279940963150779
1410,1.6221662970773925
1411,0.2482118137861692
1412,0.12444562060386014
1413,0.34251446443055644
1414,0.060345765227477
1415,0.8133105954778712
1416,1.8138359151342855
1417,0.04089145486084432
1418,0.13702074510956294
1419,0.6566829894639183
1420,1.8059975658906495
1421,0.4161107876908206
1422,0.7645219598335424
1423,0.043301161660015866
1424,0.17034890623376756
1425,1.9600691224886362
1426,1.8965727946464574
1427,0.0049643843460419465
1428,1.8577574602938127
1429,1.0475942327287895
1430,1.6212004604825658
1431,0.6615281919357621
1432,0.7814352932659453
1433,0.7278175592858057
1434,1.1115721955386213
1435,0.15915372771132552
1436,0.030872005962533457
1437,0.40275079051954515
1438,1.2012557401077488
1439,0.24259826825689979
1440,1.1269436755788365
1441,1.9106414232912623
1442,0.10271806021518351
1443,1.124995727666053
1444,0.6406644764374261
1445,1.6218132282131625
1446,0.20853183734863906
1447,1.1723566619233656
1448,1.5405525283900459
1449,1.8369102431065414
1450,1.1500758964513345
1451,0.7443575099752626
1452,0.9995824524254703
1453,1.6239008565306796
1454,0.8962052295980591
1455,0.031310433093855984
1456,1.7976141691731216
1457,1.1649738914197016
1458,1.13418374691304
1459,0.2621909237594957
1460,1.093015533116367
1461,0.548993575695462
1462,1.0753373674278166
1463,0.11795510441823095
1464,1.0906057493912973
1465,1.9982415210294717
1466,0.05053643955164779
1467,1.9320435705299142
1468,0.5724820492225158
1469,1.6289650216115008
1470,1.3945125297233725
1471,0.8885237012099687
1472,1.283756443895236
1473,1.6503051527499704
1474,0.5674697212352333
1475,0.4339838503252861
1476,1.1132743140118337
1477,1.460461007852218
1478,1.343363761478019
1479,1.4343202671637632
1480,0.6253161389563557
1481,1.4866870213216337
1482,0.13465927236370245
1483,0.8409574757590692
1484,0.005791822668854196
1485,0.4299417908723175
1486,0.5007555914116987
1487,0.5531254931861775
1488,1.1791418422708617
1489,0.539535499333162
1490,0.6500195896046606
1491,0.2939713449871671
1492,0.5125686915838523
1493,0.2789211107394833
1494,0.07855356702475945
1495,0.9675987982353416
1496,1.114721142707743
1497,1.0032586348087265
1498,0.6783207724391792
1499,0.5240230190055761
1500,1.6086786400548325
1501,0.7885276847964209
1502,0.7087971494784855
1503,0.026299581345257266
1504,0.45769790748572725
1505,0.5247443273298178
1506,0.5578823914592376
1507,0.9167723472421883
1508,0.8183342246002889
1509,0.9774536946376511
1510,1.349929665329452
1511,1.4739315500718457
1512,1.233823828835498
1513,1.8685492294863133
1514,0.018565009747411994
1515,0.23410700536185286
1516,0.0076200720560771285
1517,1.0666982196241879
1518,1.7044894157974018
1519,0.30276592532236823
1520,1.786427592042002
1521,0.06389954862187511
1522,1.8076067149975903
1523,0.47526120142125616
1524,0.11170701289254192
1525,0.7219431255611405
1526,0.32271077345083254
1527,0.3660254722341301
1528,0.401717087470685
1529,1.4478764904226187
1530,0.8298561589413448
1531,0.40822018270980853
1532,0.9828411103615374
1533,1.2290224624135284
1534,0.3469478465094916
1535,0.5845719608977771
1536,0.13674231308589063
1537,0.2139644363715181
1538,1.1450393849548464
1539,0.21435822171014615
1540,0.8009599632116959
1541,1.2117928629849892
1542,0.11829959978494363
1543,0.8891553741691769
1544,0.32238724568195654
1545,1.8901550422923894
1546,0.717362039181715
1547,1.4556165400682188
1548,0.8529757898494983
1549,0.04529718086368992
1550,1.034032040010625
1551,1.8565716617686543
1552,0.9635486022861127
1553,1.4902592468357556
1554,1.666027533175507
1555,0.2801001543212095
1556,0.2570078540399321
1557,0.9842787575883274
1558,0.5799728727983459
1559,1.5452283109197054
1560,1.7100647460491227
1561,0.47832805065095385
1562,0.29297822068336565
1563,1.3897455951905577
1564,0.35032439272181953
1565,1.499308635537402
1566,0.6032923612540662
1567,1.1131727673355227
1568,0.10466231002415671
1569,1.0130597816624827
1570,0.6558617142888534
1571,0.9307179522445657
1572,0.19624298174899754
1573,1.2798566609322457
1574,1.6072158745603644
1575,0.26371594103416507
1576,0.10487583165858384
1577,0.024197368796606444
1578,1.0540989078246443
1579,0.9756572047433466
1580,0.8455754737823282
1581,0.28574655151260897
1582,0.5437134935403969
1583,0.9478784482825562
1584,0.7435441709199753
1585,1.963505754161083
1586,0.1550555586344757
1587,1.1783705050696218
1588,0.5677924343456645
1589,0.6115545251480595
1590,1.232544318935783
1591,1.171903974985275
1592,1.973844438752701
1593,0.14487938301855494
1594,0.11494846847906039
1595,1.2490055391282051
1596,0.9129183427705878
1597,0.34932473764832295
1598,0.08572680515959541
1599,0.09299558532035493
1600,1.6937681949966992
1601,0.22868039501347043
1602,0.4279407293005529
1603,0.2780295268974702
1604,0.4810186829862597
1605,0.07424351268772766
1606,0.7884828574460077
1607,0.07218402234772621
1608,1.4409270474359674
1609,0.288333419141342
1610,0.8316247825193398
1611,1.654618287924467
1612,1.0745187185849916
1613,0.817001788797034
1614,0.42952613652528104
1615,0.44389218715861756
1616,1.1176997383787335
1617,1.9824524307503986
1618,1.0998703030698604
1619,0.8689057580630083
1620,1.2645006783521167
1621,0.6816218739839872
1622,0.06375944397429543
1623,0.8784745250243458
1624,1.8746714700293907
1625,0.2060340639569126
1626,1.1661116401771046
1627,0.24130803589719113
1628,0.8229389919208652
1629,0.10602278556301434
1630,0.6532049164842594
1631,1.3279463088611863
1632,0.4683774887007914
1633,1.107019325847784
1634,1.4281906009101109
1635,1.7868365284141252
1636,0.2896989884329149
1637,0.5587691164279346
1638,0.17564665444995542
1639,1.9775070042149288
1640,1.7863317624568757
1641,0.8315108328213767
1642,1.5510533632148302
1643,0.7923551913554199
1644,1.012444798284635
1645,0.09706759651601907
1646,1.325703828574233
1647,0.1440242175374822
1648,1.5084553600035564
1649,1.3935960175757867
1650,1.2110637443217596
1651,0.03746795364445771
1652,0.39501515612344645
1653,0.33234079435593106
1654,0.4898346394580111
1655,0.09532399782414887
1656,1.8148477851701712
1657,0.860499162530425
1658,0.39886941506108403
1659,0.554575841972883
1660,0.6471926527388148
1661,0.9613078866255016
1662,0.7816046998458852
1663,1.7646735736255172
1664,0.7439361862477237
1665,1.9765355412014494
1666,1.5763494164163339
1667,0.25198714895489654
1668,1.7966026681620728
1669,0.12990753644231703
1670,1.4856737344035258
1671,0.5254973850135389
1672,1.648813227806051
1673,1.6215791073477526
1674,1.4554411506723688
1675,1.4141785265985871
1676,0.39750851689956407
1677,0.08746721342078084
1678,0.565373203242763
1679,0.20363527228781175
1680,1.177908104869179
1681,0.46588474724731543
1682,1.9274254648818383
1683,1.0518172812817224
1684,1.498954841190657
1685,0.15008746162718245
1686,1.6050834499203601
1687,1.774238023157567
1688,0.7242912315825196
1689,0.973795562282668
1690,1.349743832460275
1691,0.20540717284271803
1692,0.7551387376753012
1693,0.5575952374849011
1694,0.16779933774376327
1695,0.5026159738607012
1696,0.07281977315244502
1697,0.026478161489855958
1698,0.15343621487870793
1699,1.8907058297606008
1700,0.8515122467160097
1701,1.8986346081278964
1702,0.6195522930901977
1703,0.40904543393750387
1704,0.7623214481596365
1705,0.6326822130778622
1706,0.11682970976187794
1707,1.0514846802896374
1708,0.26271067881165067
1709,1.0034771887523046
1710,1.0729625529539053
1711,0.17513640909743514
1712,0.06511340385728619
1713,1.3903502403485457
1714,0.6712168534677666
1715,0.061546822613078596
1716,1.9846253062087027
1717,0.06111915422542148
1718,1.1781091982130145
1719,1.951303153270798
1720,0.29638722646866666
1721,0.16248425157910204
1722,0.13611924294101563
1723,0.3952509626997424
1724,0.11125606693344602
1725,1.1712486646299527
1726,0.06617206624433918
1727,0.7689330327984505
1728,1.990101472333399
1729,1.4765178691457197
1730,0.9937143954082914
1731,0.4000449010315214
1732,1.0131418508336814
1733,0.8048141685937884
1734,0.6076304339178411
1735,0.14779557932776435
1736,1.6726712497226306
1737,0.6520908791366429
1738,0.2325004339281889
1739,0.5030062910349751
1740,0.5856332044585973
1741,1.5123568641661254
1742,1.2718044399278918
1743,1.361134913021853
1744,0.01115295322354195
1745,0.5893381483807625
1746,0.7130363439488531
1747,0.019560620312709526
1748,0.32731611218342493
1749,1.3383304382652224
1750,0.15590877713409176
1751,0.8218670682883826
1752,0.26151371773696097
1753,0.01226768782186132
1754,0.2993796007476849
1755,1.9282033404323016
1756,1.4439988536087138
1757,1.8803639806474486
1758,0.7258556121016676
1759,0.12177823197769203
1760,0.8482190905300037
1761,0.6608360967217755
1762,1.5572959659121706
1763,0.10770277343754245
1764,0.7266205449020969
1765,0.17256326647043196
1766,0.43009038439197955
1767,1.2810525369616772
1768,0.7026113888565063
1769,0.5171802880555965
1770,0.5500878129244994
1771,0.670538101404691
1772,1.4012675179349348
1773,1.6878997811818293
1774,1.8679990497414871
1775,1.4061203255553454
1776,0.4148884056334105
1777,1.1616640798073539
1778,0.6290996182384306
1779,0.3195277477793738
1780,1.5479365925121682
1781,0.03990293325689937
1782,1.714936682595471
1783,0.6744389149812069
1784,1.043227198854934
1785,1.094101516933932
1786,1.6963535104341103
1787,1.0420179663581002
1788,0.9908480312564016
1789,0.07109453507159383
1790,0.7871548991623433
1791,0.1727197296234303
1792,1.2812423319722592
1793,0.7745932169737002
1794,1.1429376108150815
1795,0.04340953124700046
1796,0.09198170203091496
1797,1.2294425843482824
1798,0.077280487495043
1799,0.07633424901707077
1800,0.012255090407401333
1801,1.8713963232483408
1802,1.2814269397309226
1803,0.47803796611075633
1804,0.3844689322572628
1805,0.471995578640528
1806,1.374741624552656
1807,1.0987816962580677
1808,0.21949296622522185
1809,0.20442339598456097
1810,0.1080773535959189
1811,1.096302401346322
1812,1.34863822897368
1813,0.33529603749284553
1814,0.02138365242349927
1815,0.0889238504122839
1816,1.904613081895254
1817,0.38273239401610265
1818,1.3609273990081407
1819,1.0148681431080093
1820,0.5278175279910798
1821,0.24799451202505815
1822,0.1361210806729767
1823,0.9932539188948426
1824,1.3746912747429807
1825,1.0585169412694913
1826,0.8115224857777663
1827,0.04371112857904733
1828,1.9064592899206476
1829,1.436658551604995
1830,0.3785667818786659
1831,1.940312175782545
1832,0.9641430375794682
1833,0.9216388110004415
1834,1.3076866612113411
1835,1.4707399769460445
1836,1.0874427692154118
1837,0.14450426660331386
1838,0.4526924116062364
1839,1.7894228837669022
1840,0.2750677849278399
1841,0.5106753174695855
1842,0.6187673157189685
1843,0.6324817346628337
1844,0.9886345142830888
1845,1.8324678734825897
1846,0.29862569336179023
1847,0.13626396074393535
1848,0.23646508422546092
1849,1.6735606788204922
1850,1.0628824183975836
1851,0.36764948137220566
1852,1.4817163461808738
1853,1.6033282669985818
1854,1.5631008642985167
1855,1.7633525078663617
1856,0.3158665524314598
1857,1.3251302429111784
1858,0.6726361258236576
1859,1.5509601159590192
1860,1.259189343872999
1861,1.3793180836756673
1862,1.0867101949100724
1863,0.20890973770524124
1864,0.8420812612192281
1865,1.9542442354597709
1866,1.816084453708326
1867,0.045037707259681835
1868,0.19197873921336545
1869,0.1490812432104052
1870,1.2530267396875532
1871,1.4865581755861776
1872,0.25909846985452184
1873,0.7617396399184464
1874,1.5474846093184005
1875,1.2697996487780538
1876,0.8362583925114572
1877,0.9388580860887801
1878,0.7667909925772993
1879,0.38608353220104913
1880,0.8842718452733902
1881,1.1634482614307353
1882,1.636015831228431
1883,1.0411580411279928
1884,1.3404275311940972
1885,0.18569456327160308
1886,0.6745927766125649
1887,0.009418698955690696
1888,0.30752932672330024
1889,1.2542083386379335
1890,1.9754969309449901
1891,0.10901439502494763
1892,0.5626920015302121
1893,1.4401845236543709
1894,0.24566617482731634
1895,0.8632042502442079
1896,1.2704648210923017
1897,0.9954235251924146
1898,0.2233780354426138
1899,0.48168276034568847
1900,1.3981213459122006
1901,0.861393543098943
1902,0.0052569624007209525
1903,1.3400976968762297
1904,0.036558246727954616
1905,1.3018526574378648
1906,0.24347893741006574
1907,1.8759782734274406
1908,0.5033211477708268
1909,0.43381589809950805
1910,0.17105570186424127
1911,0.39899815201560457
1912,1.645167320042165
1913,1.989016449962373
1914,0.5039614407690234
1915,0.6498621291599753
1916,1.243457377999718
1917,1.6715387417791772
1918,0.9447459164978302
1919,0.544818070511466
1920,0.5828786243939308
1921,1.17950275223246
1922,0.0032286208249053066
1923,1.0034802845537651
1924,0.4818682909140164
1925,1.424946732284727
1926,0.10163789891784765
1927,0.9341841737916161
1928,0.712307810691533
1929,1.0549076071346544
1930,0.06905958320032965
1931,0.9163649811076111
1932,0.8767495304755999
1933,0.8749998358869207
1934,0.9676850303304886
1935,1.1340768073216518
1936,1.452996289287816
1937,0.3426239411387225
1938,1.5057559394185303
1939,0.7465144071712733
1940,0.08299625751747566
1941,0.06197914055931266
1942,0.44595357238083033
1943,1.4009602417901872
1944,1.2084932401366921
1945,1.4105285271776673
1946,0.7848363331936022
1947,0.6339741557565085
1948,0.16919477433835134
1949,0.43590323713097384
1950,0.6223921763878477
1951,0.09645046581903002
1952,0.26928158639026495
1953,0.9560987965213856
1954,1.2768633318912932
1955,1.9950452648974455
1956,1.8038138204746297
1957,1.0554552351888922
1958,0.5986979756981173
1959,1.0408990040753445
1960,1.4029000830723186
1961,0.13233964500564369
1962,0.5779269082932145
1963,1.545070164594424
1964,0.5311606869226785
1965,0.8989101658257274
1966,0.9332421824305552
1967,0.21850774110386595
1968,0.49344995684131676
1969,0.4464090910377204
1970,0.02688297606997875
1971,0.024777005331530325
1972,1.5234170161347949
1973,0.34763847723202024
1974,0.7864843742663485
1975,0.3879625419047145
1976,1.8255566873061073
1977,0.32653156802406896
1978,0.6142617894719153
1979,1.6343883405955177
1980,1.5507856976825856
1981,0.22073515557067203
1982,1.4468795925555231
1983,0.6681221099164552
1984,0.7162278034887555
1985,0.1512968754521049
1986,0.08709811777706461
1987,1.2578349416112107
1988,0.742934828153252
1989,0.6276892389905556
1990,1.2616904843239543
1991,1.3515228975128828
1992,0.18415997342138496
1993,0.982599882532651
1994,0.15367480986692
1995,1.3159396059342015
1996,1.0885452336131212
1997,1.8717261543541057
1998,0.07371322437623364
1999,0.060309962356901704
2000,0.3618166198171059
2001,0.330195548635584
2002,0.3079773262630471
2003,1.7275519452363968
2004,0.31181950570883576
2005,0.34590637967006843
2006,1.3360839833813862
2007,0.6520057683379765
2008,1.3799898462408091
2009,0.06963889211911728
2010,0.7252968625734731
2011,0.03474347430056421
2012,0.06657862735857258
2013,1.728066310169912
2014,0.15863464449527198
2015,0.8158924651896248
2016,0.5800951970783446
2017,0.4679907125553995
2018,1.7095333956980228
2019,0.022299657422309948
2020,1.104406433648676
2021,1.8915232700871973
2022,0.8739565772247817
2023,1.8144587874028355
2024,0.0549887652334964
2025,0.5941811631753138
2026,0.32783986716030544
2027,1.2649202478360948
2028,1.9442410703156083
2029,0.32233773538189747
2030,1.0821190106878387
2031,0.237340304864753
2032,0.8849285513056111
2033,0.6791658388931594
2034,1.91679969046365
2035,0.9788327143118664
2036,0.4716610762161086
2037,0.12711363301712694
2038,0.1741224319373092
2039,0.27608464887388484
2040,0.3139509264445938
2041,1.5741637356983356
2042,0.8761938063701367
2043,0.7973289574836564
2044,0.12794076581935032
2045,1.599979985424695
2046,1.2452748201312496
2047,0.07224736910223117
2048,1.2088656221000447
2049,0.8389720110546677
2050,0.0884043778842087
2051,0.6683401195542346
2052,0.7196267778876999
2053,0.19325573832962128
2054,1.84004313224005
2055,1.5724335036043513
2056,1.1166132251744116
2057,0.6760127467214734
2058,0.5813164028208921
2059,1.0747399220854885
2060,0.8429277935716171
2061,0.06615104559806215
2062,0.7751616137669377
2063,1.4566904111190473
2064,0.670141142772227
2065,0.05465606350542112
2066,1.4045116062106304
2067,0.24191115489207854
2068,0.325505571126225
2069,0.19183453629326025
2070,0.43925705393958486
2071,1.3294243470506513
2072,0.7891475305565812
2073,0.246857610648332
2074,1.6484157242604591
2075,1.653246094511502
2076,1.6284852192015928
2077,0.29581984195171607
2078,0.6548562899178764
2079,1.9551942788453944
2080,1.368015739888274
2081,0.027905490001606817
2082,0.06945622998193988
2083,0.6791636992033194
2084,1.735901588608498
2085,0.8289014250702011
2086,0.7456298011896805
2087,0.11659840133917192
2088,1.0881402106859488
2089,1.4979567672691056
2090,0.5251393896196161
2091,1.3771855942211397
2092,1.8946918698205175
2093,0.24528722899312527
2094,0.7972035340811652
2095,0.369586165057555
2096,1.4214725488153261
2097,0.9112074621910822
2098,1.0372772622142918
2099,1.4345811657314327
2100,0.5527630878829828
2101,1.7524799017042503
2102,0.8171486405638431
2103,0.18290454889229418
2104,1.1801747008369192
2105,1.4225249205373776
2106,0.4170996371261587
2107,1.5919355356276872
2108,1.727238852923263
2109,0.3535805825077761
2110,1.9508359600071414
2111,0.16051126217457495
2112,0.24282599868259475
2113,0.2181636306303027
2114,1.6932073116078268
2115,1.0823912963528748
2116,0.17523999619683428
2117,0.6342081311319371
2118,0.9938896847246008
2119,0.09043033847249829
2120,1.661075015640535
2121,1.44938217761567
2122,0.7604406576443549
2123,1.9024605052018297
2124,0.59228521507999
2125,1.9525834390706154
2126,1.1140371236054643
2127,1.0374788983477208
2128,0.19349592256841996
2129,1.6597243291728985
2130,0.61023712119908
2131,0.18855308373426197
2132,0.012766469535698204
2133,0.8730821090038556
2134,0.8055499835378181
2135,1.2368232563847885
2136,1.6828174539808498
2137,0.08571199032770013
2138,1.2665836057206303
2139,0.2225351808880175
2140,1.5946449077226779
2141,1.4899285536010596
2142,0.8332516404169095
2143,1.2146876316195854
2144,0.4131661068423838
2145,0.6931670879175776
2146,1.4967240893897598
2147,0.670189718507765
2148,0.485817863995337
2149,0.7384583902674303
2150,1.5142460766000294
2151,0.447572482393066
2152,0.20395468438481557
2153,1.2189779854783822
2154,1.508218220576519
2155,0.11076538060710796
2156,0.2974137027263964
2157,0.16212803563768965
2158,0.46900463747595733
2159,0.6531669831064761
2160,1.3095672198931898
2161,1.075140762178911
2162,1.0064808533892478
2163,0.4765430496078112
2164,1.5494815376770898
2165,0.6933987615523501
2166,1.9377514176608142
2167,1.0362783898580263
2168,0.1422075265268534
2169,1.1333936575297114
2170,0.4307966362815133
2171,1.1573722175970946
2172,0.07449103767978389
2173,0.2054649542446884
2174,1.588023515185375
2175,0.27879010815291533
2176,1.5376789705909073
2177,0.3572712220368061
2178,1.0561790603394399
2179,1.1759955922138583
2180,0.7754696490672681
2181,0.39852528600174725
2182,0.2578620071733485
2183,0.034290887818696665
2184,0.39632981606791085
2185,1.0797844214658956
2186,1.8187207507721226
2187,1.6302017321782847
2188,1.3529200183833856
2189,1.4100965563364838
2190,1.1071898253269739
2191,0.32803610578758774
2192,1.7301978544431815
2193,1.1206141461403791
2194,0.8745343318341936
2195,0.12330813148977134
2196,0.6469142030544842
2197,0.6722880090659527
2198,1.6120338444335376
2199,0.8454724968222653
2200,0.5251051266273987
2201,1.9309392102891914
2202,0.12297964311284705
2203,0.6010956025808392
2204,0.043790748494667416
2205,1.2873622286948145
2206,1.7609411078970303
2207,0.35845823549225886
2208,1.5950921109294474
2209,0.3776097246761806
2210,1.7402724489847987
2211,1.32242045567207
2212,1.4527816962467122
2213,0.018330791645046758
2214,1.8898141407630393
2215,1.254721722786791
2216,0.39762432552518145
2217,1.517290174955166
2218,0.3607753835719083
2219,1.6344531040435466
2220,0.12525473471724116
2221,1.1988599323357514
2222,0.833053319291037
2223,0.10585337413135526
2224,0.3004064524085557
2225,0.012557896393283731
2226,0.688511370910238
2227,0.3920260181007914
2228,0.9563891633129015
2229,0.38558812204004206
2230,0.3898705849541238
2231,1.295529329372516
2232,0.05046056863439209
2233,1.718114367534726
2234,1.5786175859834488
2235,1.1137677781655277
2236,0.9451334013480546
2237,1.6885062463259164
2238,0.21967745497285998
2239,0.08520529076795001
2240,0.2968752913996339
2241,1.4259329196823476
2242,0.03587229412136882
2243,0.9224706421035236
2244,1.9863333648324344
2245,1.5879118988463625
2246,0.7933512956657333
2247,0.06769107462147299
2248,1.522555434807756
2249,0.9577537614354072
2250,0.12814259087266122
2251,0.10266647473776881
2252,1.7370477700749234
2253,1.1170292548544718
2254,1.5170033948377841
2255,1.6515828074236913
2256,0.8986959746151928
2257,0.7851970786996432
2258,0.6156951658766242
2259,0.41740172730355296
2260,0.6234696100534187
2261,1.3727693772831817
2262,0.9642352478201595
2263,1.6891211130666683
2264,0.6399658515300765
2265,0.9756473353076682
2266,1.029856779682983
2267,0.9418026941876836
2268,1.1963279921659051
2269,0.2938081202792964
2270,0.7748804180867831
2271,0.11508761232878663
2272,0.5323602887319889
2273,0.7254862384389215
2274,1.0776207442851122
2275,1.8540403345168395
2276,0.9614327702940333
2277,1.2965258283513523
2278,0.762571382492003
2279,1.0361919539840467
2280,0.07596359541942177
2281,0.31910665724506093
2282,0.4927907542672655
2283,0.6957433255318248
2284,0.04773255346832513
2285,0.1596308454489387
2286,0.35344046878928553
2287,1.915408460390487
2288,0.44113784621919994
2289,0.7144046398178987
2290,0.23455202567962222
2291,0.9838323662990888
2292,0.3594662829883612
2293,0.24983850596701504
2294,0.7834199089055667
2295,0.005536112984815712
2296,0.0077227700456737195
2297,0.267059952223164
2298,0.038069820964737856
2299,0.11969531768619596
2300,0.453687189009032
2301,1.446729452646403
2302,0.8992882937499584
2303,0.7754959231937397
2304,0.3796245125562097
2305,1.7999187131097039
2306,0.5546359842057607
2307,0.09467791682391413
2308,0.997837601431562
2309,0.12679757330593494
2310,0.4644021611275696
2311,0.7648788142711743
2312,1.6384875473520988
2313,0.7371348073055439
2314,1.19542614049998
2315,1.9785021147991764
2316,0.1487785085495274
2317,0.3502089366338019
2318,0.550266355031686
2319,0.5997671907482196
2320,0.5799593995779913
2321,1.7313687345182696
2322,1.2238752618311888
2323,0.9774539634093682
2324,0.4050841964205867
2325,1.502420981356763
2326,1.8672010920829576
2327,1.495564901813668
2328,0.0015675547457332797
2329,1.041408074154725
2330,0.053750208677329867
2331,0.3239687003017886
2332,0.0630678902992637
2333,0.9683644019517441
2334,1.157995622802392
2335,0.1275950573358148
2336,0.5311711711821969
2337,0.6643882610594825
2338,0.5052531546317802
2339,0.135672051227634
2340,0.5944650410904443
2341,1.3154465073176842
2342,0.0760497529557228
2343,0.08660884874007768
2344,0.4806339613469573
2345,1.8285730275430958
2346,1.1155620306689964
2347,1.1392628667625058
2348,0.49290607060594527
2349,0.9460939262268863
2350,0.01023382491754738
2351,1.0407142266673928
2352,1.7473799961893566
2353,0.9878197224648204
2354,1.6370478256914147
2355,1.2481100405070056
2356,0.13509274816945582
2357,1.7168752791169957
2358,0.07085862880854932
2359,0.8190887342868106
2360,0.16234008575373438
2361,0.011843655465708983
2362,0.6001471768491227
2363,0.38208972682722153
2364,0.722196973769117
2365,0.9103595959809291
2366,0.045652178755394686
2367,0.1381331057350449
2368,0.8707237235622995
2369,0.46093118545618617
2370,1.2608674624944731
2371,1.07777604341473
2372,1.560651101697473
2373,1.172039141657559
2374,0.6147718086960017
2375,1.125850697251403
2376,0.3512159653897117
2377,0.4001414583119628
2378,1.411482742496033
2379,0.6457099010258047
2380,1.435791508644553
2381,1.4988009343784436
2382,1.5929755006363693
2383,1.756855391426873
2384,0.6167334808141909
2385,0.420542866147385
2386,0.9211541271298711
2387,0.508941391358189
2388,0.9623643207948271
2389,1.2034372722066546
2390,1.1623064879772962
2391,0.5148427521952291
2392,0.1947025286097013
2393,0.6158848497389136
2394,0.1629272340083609
2395,1.682369767226814
2396,0.46550867858432554
2397,0.17831756073561686
2398,0.02609534838997162
2399,1.062908940915253
2400,1.0425468794339658
2401,0.4566153648738279
2402,0.07685448384974886
2403,0.5774247264283211
2404,0.40807382429692696
2405,1.1356130004901577
2406,0.9727477485201552
2407,0.49752231483852166
2408,0.2653697194547539
2409,1.9642510365726058
2410,0.6601190932448154
2411,1.1619956594191063
2412,0.16030810427344452
2413,0.721387056074702
2414,0.028294990810634902
2415,0.7609399941323168
2416,1.8933469683436401
2417,0.5318215112891533
2418,0.04051670157165425
2419,0.03191405191078564
2420,0.5385204858409391
2421,0.18563291675324334
2422,0.023897416731106784
2423,1.3280726438737638
2424,0.6687663585559931
2425,0.37290731008616745
2426,1.71023291936556
2427,0.12962721827698487
2428,1.869699636506628
2429,0.41254181699806336
2430,1.677664757280232
2431,0.9664829887767887
2432,1.5101524183922286
2433,1.952295068581928
2434,0.3715831343821681
2435,1.8849169067172822
2436,0.5411780413592003
2437,0.5341313334308122
2438,0.4562504849972734
2439,0.8345298046414222
2440,0.17790573751498476
2441,0.8603078943753861
2442,0.8351489161981617
2443,1.3423961846554564
2444,1.5286222209761235
2445,0.6344299333774555
2446,0.3937386430149262
2447,0.32658948628356244
2448,0.2325022745185966
2449,0.06097082593241821
2450,0.45971859704269363
2451,0.3432815072327979
2452,1.9003799495712679
2453,0.8687479611272456
2454,0.46787838086830424
2455,0.9174102367970727
2456,0.15857242301121827
2457,0.6412186004077518
2458,1.0184037467467641
2459,0.7279189217238115
2460,0.5632050053095514
2461,1.981583009018224
2462,1.655268842606249
2463,1.0120409468281297
2464,0.8935679406091824
2465,1.005879911040667
2466,0.24183867257834424
2467,0.5512715794163372
2468,0.04101658762686728
2469,0.701690071256249
2470,0.8379002827400563
2471,0.2796196783982912
2472,1.893380465332783
2473,1.7365623002922521
2474,1.2436340879706298
2475,0.8178879245110413
2476,1.626815498385784
2477,0.14772237877002728
2478,1.415415529119406
2479,0.14040104956619484
2480,1.4249812390565708
2481,0.35181531995062376
2482,1.6463784683290132
2483,1.835257568739639
2484,0.17093620991632374
2485,0.6767443205880215
2486,1.9433236142771841
2487,0.7170901851272784
2488,1.6092618461555541
2489,0.9353363272823806
2490,0.5162024476985387
2491,0.36745579613487833
2492,0.2445227158366714
2493,1.3421346757640278
2494,0.5359540702380311
2495,0.7726780604493428
2496,0.7347098582595761
2497,0.9105301068254776
2498,1.6148009406520996
2499,1.9425890036358853
2500,0.5737090956525617
2501,1.5123064885502808
2502,1.3490305434543237
2503,0.9024644096133025
2504,1.8700732844204695
2505,0.2406645469047506
2506,0.12120287796420659
2507,1.5832130079617956
2508,0.632002378083203
2509,1.5643250942038813
2510,1.6907003198114032
2511,0.06635854461975652
2512,1.6639747504240772
2513,0.6493090307767533
2514,0.7709738148352878
2515,1.019210686051305
2516,1.7845673407821172
2517,0.019481519496011686
2518,0.7042231615951822
2519,1.1606836500754225
2520,1.2450123044036574
2521,1.172133600267807
2522,0.15250793342710034
2523,0.38903330670810643
2524,0.4873923535922175
2525,1.4515564287787042
2526,0.3564669388831309
2527,0.25510154566548254
2528,1.8741547281980706
2529,0.00894184293647154
2530,1.9934673157158933
2531,1.1349083694444078
2532,1.5148306795788278
2533,0.3814199850495884
2534,0.014520204841745004
2535,1.2823209449837543
2536,1.5299418057060956
2537,1.2887810339463646
2538,0.16325649188277072
2539,1.3210815562934224
2540,1.3601650269517958
2541,1.0922161264490367
2542,1.3530495552788375
2543,1.5615045217841792
2544,0.9901141232465944
2545,0.0964555093073277
2546,0.7254086904280526
2547,0.08367875384654799
2548,0.5736343531755317
2549,0.5728421826138224
2550,0.07036714366366056
2551,0.47049629888823197
2552,0.12331867672660132
2553,1.4614793647078737
2554,1.8458006205209063
2555,0.07754614785167065
2556,1.8673602664915712
2557,0.7956629015111023
2558,0.38930527336183796
2559,0.08276985389192214
2560,0.7512489258514594
2561,1.4257704949281795
2562,1.207057763600127
2563,0.05274866369155299
2564,0.07821651296791242
2565,0.5651801644918338
2566,0.38248696992302167
2567,0.28638679665826544
2568,0.3599680273156508
2569,1.449067262072772
2570,1.7926928292882973
2571,0.5692108876410612
2572,1.727148150318055
2573,0.4248551871687493
2574,0.7034291883001459
2575,0.2771181056697049
2576,1.0506856027770775
2577,1.9373851390437213
2578,0.9676970130154012
2579,0.4858450029035667
2580,1.0674848893202196
2581,0.13803017165977877
2582,1.6783740412035428
2583,0.7561774123120852
2584,0.6512649327107349
2585,0.929102338803206
2586,1.0151387379914494
2587,0.07692757258597897
2588,1.148583491934162
2589,0.3004626182558252
2590,1.2236809939696793
2591,1.4990982823568495
2592,1.4503077894185963
2593,0.8577582863945425
2594,0.7907466091773296
2595,0.1632895016680728
2596,1.3765078033480973
2597,0.3450724322411837
2598,0.7434017658662453
2599,0.3650858528372791
2600,0.15173839374287076
2601,1.0259005906073642
2602,0.05728400483090106
2603,1.3091149207060728
2604,0.4184481677853431
2605,0.00013471114669077734
2606,0.7723821362146213
2607,0.049047009860282015
2608,0.35243918248789063
2609,1.2067922412709386
2610,0.06661961028095857
2611,1.5438275971064495
2612,0.003834514467700665
2613,0.3077458916097
2614,1.2898428765746632
2615,0.4162969573391049
2616,0.11227444681180862
2617,0.49000239505474114
2618,0.3435058157063496
2619,1.5528752522036156
2620,0.4115348350400888
2621,1.4113469167986077
2622,1.687308067500035
2623,0.6220149731045682
2624,1.7379396689020068
2625,0.5196869678097638
2626,1.8935256096321826
2627,0.09726214371557582
2628,1.1590147390498964
2629,0.7376663470093259
2630,0.5379204018268372
2631,1.0330362002581852
2632,1.1992718970782705
2633,0.004382307772350396
2634,0.19482642258942873
2635,1.221480720959518
2636,1.1104549330080038
2637,1.8992952872940188
2638,1.3402163084405778
2639,1.8547414494981185
2640,1.1961036578315851
2641,0.3868873277142933
2642,0.11646668909178551
2643,1.3930724166405362
2644,1.0590774410039445
2645,0.050507904183663126
2646,0.4896868038964899
2647,1.8722657023950502
2648,0.7508024523382832
2649,0.6199836411800647
2650,0.6671885337222676
2651,0.2525147163929811
2652,0.5046521487119164
2653,0.5065751002910137
2654,0.055096068326303045
2655,1.3567276928665393
2656,0.589980373699452
2657,1.49815965310189
2658,1.573439724128497
2659,0.2569355339262357
2660,1.0894670826913222
2661,0.6953319067064228
2662,1.6548326212300748
2663,0.2622847198279718
2664,1.1372439348245884
2665,0.9771147643554108
2666,0.38250444022794045
2667,0.15526071052948956
2668,1.076274137912159
2669,1.2841236632918707
2670,0.4152479638944579
2671,1.060641691232512
2672,0.5512593417613936
2673,1.2218709416443232
2674,0.23890200064516626
2675,1.6826977535546983
2676,0.3700138726060871
2677,0.503052520545922
2678,0.06146662697685544
2679,0.12394718581806183
2680,0.7819754053823116
2681,0.33919851736641216
2682,1.5335074333484224
2683,0.014909284325119369
2684,0.5228063464104165
2685,0.4511475646940308
2686,0.01970118823448804
2687,0.13983589767046034
2688,0.5847429374324791
2689,0.7357800830500009
2690,0.5677399469902751
2691,0.8128324967697178
2692,0.9493133853817233
2693,0.010022303353612908
2694,0.6794794764816771
2695,1.8918300280785472
2696,0.788426787946027
2697,1.1366057916523729
2698,0.40912292379168513
2699,1.3730540316075752
2700,1.3703290990216848
2701,0.7930456169539652
2702,1.9286168065113216
2703,0.14131307118960176
2704,0.01723488823479053
2705,1.363301882893984
2706,1.458655598863675
2707,0.13465700705342296
2708,0.33611707412092495
2709,0.017860448826383084
2710,0.37933855193858945
2711,1.3708902311251463
2712,0.7862436359808722
2713,0.4692661351514704
2714,0.5099293982837859
2715,0.0013554580180457308
2716,0.38968088389362965
2717,1.064367646278027
2718,1.9232492581790184
2719,1.5645728715945473
2720,0.024151687002152894
2721,1.7059717649484523
2722,1.3965981678921113
2723,1.3893630178106506
2724,0.667755874268829
2725,0.5564135061743024
2726,0.3946736676077369
2727,0.0700106734473998
2728,0.28032674464280005
2729,0.30741698776239945
2730,0.7184076791294169
2731,1.3061175475493778
2732,0.6983055818844383
2733,0.061190429779005726
2734,1.875151103865227
2735,1.83145346090557
2736,1.4017121618180146
2737,1.9740589099839414
2738,0.8409433435318792
2739,1.889691246502486
2740,0.08132116278341131
2741,0.4994031579103677
2742,0.27617798397510346
2743,0.2341836809758101
2744,0.16062841930954963
2745,1.0098123827734415
2746,1.3917856980157177
2747,0.9127274381925117
2748,0.16856074759771814
2749,1.469045540084557
2750,1.0403930967274322
2751,0.5388383215400646
2752,1.1285819508956025
2753,0.3274555774780502
2754,0.464349869299321
2755,1.7592661154796092
2756,0.37489737348681673
2757,0.6908772403640331
2758,1.6824923818806852
2759,1.2085908598920199
2760,0.06607246750999991
2761,0.16900123113282264
2762,0.007903081317751028
2763,1.028984095615136
2764,0.6480849212291158
2765,0.15230458648710385
2766,1.8755719013415777
2767,0.8101991471157701
2768,0.3004056598496739
2769,0.7512075066075539
2770,1.1415041294020865
2771,0.08205163633078516
2772,0.3501660010497584
2773,1.4581587943616383
2774,0.6709566634849566
2775,0.8453237142244864
2776,0.6201456939780565
2777,0.04582714760706426
2778,0.1932227693305861
2779,0.6440489905947006
2780,0.25294402434585916
2781,0.05247693196544372
2782,1.5553944197065788
2783,1.9439313084515901
2784,1.4222184925685473
2785,1.5827336142349115
2786,0.3005300619135177
2787,1.8834311615968375
2788,0.2357054375279074
2789,1.8566484944069845
2790,1.9844847216128643
2791,1.2182721579650766
2792,1.9437867542262044
2793,0.8939153400764487
2794,0.326903720390315
2795,0.6279612897543012
2796,0.9458755193865253
2797,0.07842247673532343
2798,1.0096544036316977
2799,1.9438877841158304
2800,0.22624856829002005
2801,1.4208021346525792
2802,1.7321790135261073
2803,1.8342742891116428
2804,1.8819959832524606
2805,0.7933797935369999
2806,1.9324386550142332
2807,1.3308289569644456
2808,0.18780908953188394
2809,0.7043338180171311
2810,1.2343308528833288
2811,0.3085175476485672
2812,1.051002996942262
2813,1.1109566777118014
2814,0.18917095044393886
2815,0.8844067228025855
2816,1.3670350007249958
2817,0.747792548628701
2818,0.01224960221180352
2819,0.009120163002589499
2820,0.48449929642566947
2821,1.7840295208299985
2822,0.2809698491334862
2823,1.0367809786305817
2824,0.271393563037517
2825,0.42514157190712276
2826,1.5672174753371353
2827,1.2601004442977741
2828,0.10450029942509349
2829,0.6124874437842862
2830,0.03002063875638506
2831,0.7121454797028725
2832,1.1012528315594388
2833,0.13254549539779675
2834,0.372339446837718
2835,0.5561106060931004
2836,1.7650683299610546
2837,1.9798105410858367
2838,0.04692832377308946
2839,1.3401409831181605
2840,0.5099028479450369
2841,0.5464816141680133
2842,1.3231806233652077
2843,1.7619335434087535
2844,1.8551937863451404
2845,0.9101930653538798
2846,0.4846566817206379
2847,1.407782648495778
2848,0.3140030776618884
2849,0.882253538837994
2850,0.4871569745944181
2851,1.0877954406666344
2852,0.2981905502138868
2853,0.22830080259017366
2854,1.761402106973978
2855,0.11216767281162673
2856,0.7619513121344412
2857,0.26962873470551485
2858,0.04044550537020526
2859,0.037316173562537185
2860,0.20592444152573383
2861,1.6180612019564578
2862,0.3622729847758652
2863,1.8538318055059748
2864,0.9199067846912008
2865,0.6272461404762022
2866,0.9165918907776205
2867,0.7836756065217003
2868,1.334517657023326
2869,0.36230009326299034
2870,0.4776949706094292
2871,1.6934989243556708
2872,1.842236444435229
2873,1.6892184169402715
2874,0.5953846135921281
2875,1.3893358212900653
2876,0.7032314641205943
2877,0.7450857566196674
2878,0.2465740561009856
2879,0.940565338689022
2880,0.22078247018579272
2881,0.44149984873471254
2882,1.5861068473021622
2883,0.24995619997118573
2884,0.0762217867222564
2885,0.07376964045103272
2886,1.8258600345213707
2887,0.7638887683852529
2888,0.5770303163665217
2889,1.4684026541453337
2890,1.5344309096779911
2891,0.4425419155980173
2892,1.1747240671275163
2893,1.3657532129792291
2894,1.0832182086800206
2895,0.1745761415037471
2896,1.6430542595084048
2897,0.829717489525646
2898,0.36226309802936085
2899,0.6060471951283277
2900,0.03898267723267025
2901,0.1442167200772708
2902,1.3516085777412545
2903,1.1634890733673544e-05
2904,0.5900929179414307
2905,0.7955270704236829
2906,0.05761933984981494
2907,1.9199592742259428
2908,0.2772579966824458
2909,0.3967355806646335
2910,0.39632356301092475
2911,0.2835085002986509
2912,0.0014759942378535153
2913,1.261288622751258
2914,1.9016357202814151
2915,0.2746010499291838
2916,1.1026787703618268
2917,1.2923064869135477
2918,1.5682510029754253
2919,0.6012446351819771
2920,0.39469803923255986
2921,0.43111205824209287
2922,1.2204504974856145
2923,1.4839081634108675
2924,0.21459760104089898
2925,0.5085382396908644
2926,1.7154363152610457
2927,1.4574479544122259
2928,1.9548044762543308
2929,1.3231386969155283
2930,0.5477976671393104
2931,0.939490884940515
2932,1.0979540985654612
2933,0.08461113143111024
2934,0.8409738975772212
2935,1.212456866177679
2936,0.19531772277367565
2937,1.390017595676332
2938,0.9245634397832888
2939,1.8589481148547105
2940,0.044221949592046145
2941,0.33572409682556953
2942,0.9634209490004914
2943,0.38450769373352
2944,1.2248260502801354
2945,1.3350943014181273
2946,0.11302548695495314
2947,0.777900874591992
2948,0.7678601531608295
2949,0.5056490574665243
2950,1.8032736617703136
2951,1.512273029303343
2952,1.1833103041324544
2953,1.2245891782554774
2954,0.674897941270776
2955,1.769225428986487
2956,1.1770582348144594
2957,1.2603944499086577
2958,1.6042021174571972
2959,0.3491868254267456
2960,1.45843434773492
2961,0.2333594959993066
2962,0.46460301622519823
2963,0.4482448312850529
2964,1.9360375606753275
2965,1.590193239413733
2966,1.1928090363927637
2967,1.2556682962260484
2968,0.877998620610086
2969,1.8440713988325788
2970,0.7425315026947183
2971,0.5253114373945238
2972,0.1896158580199884
2973,1.4043249799082935
2974,1.2738518214382473
2975,0.5320838341630241
2976,0.02582812206615045
2977,1.542913843635974
2978,0.011548353800231132
2979,1.1988931594790257
2980,1.911655968700019
2981,0.6292087663046528
2982,0.2901859060513448
2983,1.201714150842959
2984,1.4848265424894276
2985,0.8450164064067834
2986,1.9021924988458765
2987,0.05433837845572896
2988,0.7596141943721546
2989,1.2346300217459036
2990,1.6067890536136564
2991,0.21138818630822628
2992,1.4400090525976943
2993,0.858192187267891
2994,0.5538085046897601
2995,0.149063877332685
2996,1.6140325092946632
2997,0.18200807019085544
2998,0.4057563769224559
2999,0.37417194257380987
3000,1.6307764531756337
